{"n-methyl": {"formula": "C1H4N1", "smiles": "NC", "mass": "30.050"}, "n-ethyl": {"formula": "C2H6N1", "smiles": "NCC", "mass": "44.077"}, "n-dimethyl": {"formula": "C2H6N1", "smiles": "N(C)C", "mass": "44.077"}, "hydroxymethyl": {"formula": "C1H2O2", "smiles": "OCO", "mass": "46.025"}, "glycolyl": {"formula": "C2H3O3", "smiles": "OC(=O)CO", "mass": "59.044"}, "n-succinate": {"formula": "C4H5N1O3", "smiles": "NC(=O)CC(=O)[O-]", "mass": "115.088"}, "lactate": {"formula": "C3H5O2", "smiles": "OC(=O)CC", "mass": "73.071"}, "n-trifluoroacetyl": {"formula": "C2F3O1", "smiles": "NC(=O)C(F)(F)F", "mass": "97.015"}, "seleno": {"formula": "H1Se1", "smiles": "Se", "mass": "79.968"}, "s-methyl": {"formula": "C1H3S1", "smiles": "SC", "mass": "47.1"}, "phospho-choline": {"formula": "C5H15N1O4P1", "smiles": "OC[N+](C)(C)CCOP(=O)(O)O", "mass": "184.152"}, "phosphate": {"formula": "H2O3P1", "smiles": "OP(=O)(O)O", "mass": "80.987"}, "acetyl": {"formula": "C2H3O2", "smiles": "OC(=O)C", "mass": "59.044"}, "iodo": {"formula": "I1", "smiles": "I", "mass": "126.904"}, "nitrat": {"formula": "N1O2", "mass": "46.005","smiles":"N(=O)O"}, "formyl": {"formula": "C1H1O2", "smiles": "OC=O", "mass": "45.017"}, "fluoro": {"formula": "F1", "smiles": "F", "mass": "18.998"}, "bromo": {"formula": "Br1", "smiles": "Br", "mass": "79.904"}, "pyruvate": {"formula": "C3H3O3", "smiles": "OC(=O)C(=O)C", "mass": "87.054"}, "sulfate": {"formula": "H1O4S1", "smiles": "OS(=O)(=O)O", "mass": "97.069"}, "methyl": {"formula": "O1C1H3", "smiles": "OC", "mass": "31.034"}, "ethanolamine": {"formula": "C2H6N1O1", "smiles": "NCCO", "mass": "60.076"}, "telluro": {"formula": "H1Te1", "smiles": "Te", "mass": "128.608"}, "chloro": {"formula": "Cl1", "smiles": "Cl", "mass": "35.453"}, "n-alanine": {"formula": "C3H7N2O1", "smiles": "NC(=O)C(N)C", "mass": "87.102"}, "n-acetyl": {"formula": "C2H4N1O1", "smiles": "NC(=O)C", "mass": "58.060"}, "n-glycolyl": {"formula": "C2H3N1O2", "smiles": "NC(=O)CO", "mass": "73.051"}, "ethyl": {"formula": "O1C2H5", "smiles": "OCC", "mass": "45.061"}, "imino": {"formula": "H1N1", "smiles": "=N", "mass": "15.015"}, "n-formyl": {"formula": "C1H2N1O1", "smiles": "NC=O", "mass": "44.033"}, "trifluoroacetyl": {"formula": "C2O2F3", "smiles": "OC(=O)C(F)(F)F", "mass": "97.015"}, "thio": {"formula": "H1S1", "smiles": "S", "mass": "33.073"}, "amino": {"formula": "H2N1", "smiles": "N", "mass": "16.023"}, "n-sulfate": {"formula": "H2N1O3S1", "smiles": "NS(=O)(=O)O", "mass": "96.085"}, "hydroxy": {"formula": "H1O1", "smiles": "O", "mass": "17.007"}, "n-trimethyl": {"formula": "C3H9N1", "smiles": "N(C)(C)C", "mass": "59.112"}}
