{"methyl": {"formula": "O1C1H3", "smiles": "OC"}, "acetyl": {"formula": "C2H3O2", "smiles": "OC(=O)C"}, "n-alanine": {"formula": "C3H7N2O1", "smiles": "NC(=O)C(N)C"}, "n-ethyl": {"formula": "C2H6N1", "smiles": "NCC"}, "n-trimethyl": {"formula": "C3H9N1", "smiles": "N(C)(C)C"}, "n-sulfate": {"formula": "H2N1O3S1", "smiles": "NS(=O)(=O)O"}, "fluoro": {"formula": "F1", "smiles": "F"}, "n-dimethyl": {"formula": "C2H6N1", "smiles": "N(C)C"}, "phosphate": {"formula": "H2O4P1", "smiles": "OP(=O)(O)O"}, "s-methyl": {"formula": "C1H3S1", "smiles": "SC"}, "glycolyl": {"formula": "C2H3O3", "smiles": "OC(=O)CO"}, "seleno": {"formula": "H1Se1", "smiles": "Se"}, "iodo": {"formula": "I1", "smiles": "I"}, "hydroxy": {"formula": "H1O1", "smiles": "O"}, "n-acetyl": {"formula": "C2H4N1O1", "smiles": "NC(=O)C"}, "phospho-choline": {"formula": "C5H15N1O4P1", "smiles": "OC[N+](C)(C)CCOP(=O)(O)O"}, "n-succinate": {"formula": "C4H5N1O3", "smiles": "NC(=O)CC(=O)[O-]"}, "trifluoroacetyl": {"formula": "C2O2F3", "smiles": "OC(=O)C(F)(F)F"}, "n-trifluoroacetyl": {"formula": "N1C2F3O1H1", "smiles": "NC(=O)C(F)(F)F"}, "n-methyl": {"formula": "C1H4N1", "smiles": "NC"}, "ethyl": {"formula": "O1C2H5", "smiles": "OCC"}, "telluro": {"formula": "H1Te1", "smiles": "Te"}, "hydroxymethyl": {"formula": "C1H2O2", "smiles": "OCO"}, "bromo": {"formula": "Br1", "smiles": "Br"}, "formyl": {"formula": "C1H1O2", "smiles": "OC=O"}, "amino": {"formula": "H2N1", "smiles": "N"}, "chloro": {"formula": "Cl1", "smiles": "Cl"}, "lactate": {"formula": "C3H5O2", "smiles": "OC(=O)CC"}, "ethanolamine": {"formula": "C2H6N1O1", "smiles": "NCCO"}, "nitrat": {"formula": "N1O2", "smiles": "N(=O)O"}, "imino": {"formula": "H1N1", "smiles": "=N"}, "thio": {"formula": "H1S1", "smiles": "S"}, "sulfate": {"formula": "H1O4S1", "smiles": "OS(=O)(=O)O"}, "n-glycolyl": {"formula": "C2H4N1O2", "smiles": "NC(=O)CO"}, "pyruvate": {"formula": "C3H3O3", "smiles": "OC(=O)C(=O)C"}, "n-formyl": {"formula": "C1H2N1O1", "smiles": "NC=O"}}
